pos_n,pos_e,name,tier,region
5957,5538,Jungle Outpost,2,9
5592,6486,Shushuie,2,9
6372,6308,CSB Krull Nature Perserve,2,9
5998,6853,The Mancos Clan,2,9
6694,5584,WinterFell,2,9
6401,7029,Wibbies Little World,2,9
6856,5460,Claimed area,2,9
5312,6292,Claimed area,2,9
6019,6195,Icosaville,2,9
6964,6088,Fort Rathenholm,2,9
6302,6723,Starlight Haven,2,9
5988,5832,Port Demacia,2,9
7302,6277,HANADA,2,9
5437,5669,Claresville,2,9
7198,7353,Lillys Pond,2,9
5857,6159,Quostria,2,9
7012,7175,Pine Haven,2,9
6062,6144,Ba Sing Se,2,9
6770,6588,Moonclaw Crossing,2,9
7426,6830,Claimed area,2,9
5432,7105,Claimed area,2,9
6176,6319,Woodhaven,2,9
6402,6225,Retirement Home,2,9
6901,7248,Vermillion Falls,2,9
5976,7196,Feesh,2,9
6505,6613,Rhino,2,9
5959,5779,Farmville,2,9
6118,6573,Tower Port,2,9
5953,6838,Freedom Lost,2,9
6311,7075,Lunar Dock,2,9
6114,5473,Mr Puggles Outpost,2,9
6226,5354,Rlyeh,2,9
7010,6364,Stormgate,3,9
6190,7288,Fun Within The Sun,3,9
6250,6615,Elysium Field,2,9
6022,6085,Little Italy,3,9
5984,6545,Embergate,2,9
6933,5266,PDs Village,1,9
6406,6827,Our Rustic First Town T1 plus T2,2,9
6096,6596,Aterro Real,2,9
6548,6601,AntiAalborg,2,9
5968,5728,Saint Jovite,2,9
6134,6303,Honeywood,2,9
6072,6767,Amaurot,2,9
5986,5979,Aarkoss,2,9
6306,6197,The Cavalry,2,9
7579,6516,Starfall,2,9
7222,6642,Nipplnir T4,4,9
7313,6750,Secluded Thicket,2,9
6406,7082,Rivendell,3,9
6839,6932,Sanctuary,3,9
7309,7007,Claimed area,1,9
7084,5423,Cakes Resort,2,9
5878,5689,Smuggler Cove,2,9
6100,5418,Nomads Rest,3,9
6557,5732,CSB Frostbound Tarn,1,9
7189,6973,Frozen Flame,2,9
6561,6566,Forgotten,2,9
7302,5518,Fortunas Edge,2,9
6037,5399,Cursewater Bay,2,9
5554,6302,Trolgrim,2,9
5816,6796,Alcizir,2,9
6506,6359,Tor Solen,2,9
6580,5266,Serious Moonlight,3,9
5416,6300,Death,3,9
6677,5274,Innsmouth,2,9
6210,6733,Tutor Key,2,9
5996,6118,New World Order,2,9
6198,5679,Port de Madrestam,3,9
5298,6528,Misago Mura,2,9
5770,6677,Cake Squad,3,9
6871,6278,Whispering Falls,2,9
6423,6584,Aliahan,2,9
6350,6188,Dreaming Dragons,2,9
5987,6291,Frethea,2,9
6184,6282,Konigsberg,3,9
6190,7095,Windseekers Rise,3,9
6104,6708,Claimed area,2,9
6362,6028,Baleen Whale Isle,2,9
6140,6213,Port Pixel,2,9
6871,6812,Jade Cove,3,9
7320,7443,Claimed area,2,9
6096,5815,Merchants Harbor WIP,2,9
6232,5559,The Maw,2,9
6773,5956,Danger Island Z3D,3,9
5390,5936,Trashport,2,9
5969,6578,MIZUHO MURA,3,9
6075,7159,Kaede Mura,2,9
5949,5827,Threadmere,2,9
6010,6390,Embermere,3,9
6590,7220,Seewacht,3,9
6850,5722,hokkaido,2,9
6909,5402,Misthaven,4,9
5675,5682,Allualain,2,9
7091,5676,Bloody Nowhere,2,9
5909,6540,AKLAIM,3,9
6496,6577,Lonely Shack,2,9
6047,6267,Claimed area,2,9
6455,5564,Pine Outpost,3,9
6704,5418,Kadath,3,9
5967,7457,Hidden Falls,3,9
6465,7095,Margaritaville,3,9
7486,6705,Beryl Point,2,9
7048,6622,Tendie Town,2,9
6242,6275,Vadeholm,2,9
5888,5355,The Pale Isles,2,9
7191,5849,Vagabonds Refuge,2,9
6159,6733,DEKU BANK,2,9
5934,7060,Redacted,2,9
7469,6326,Yggdrasil,4,9
6169,6609,Grimsby,3,9
5800,6255,Ashen Murlocs,3,9
5266,6350,Alfheim Port,2,9
5838,6889,Station 37,2,9
6104,6017,Demacia,2,9
7236,6296,Niflheim,2,9
5756,6733,Goblinborrow,2,9
6458,6321,Wet Bandits,3,9
7347,6483,Darktide,4,9
7136,7135,Brasil,2,9
6363,7004,Claimed area,3,9
5380,7266,Zhytomyr,2,9
5939,6449,Kattegat,3,9
6627,6470,Northern Flow,4,9
6106,7090,YOKOHAMA,2,9
6135,6466,The Brothers Crossing,3,9
6250,7196,Gotham City,3,9
5873,6866,Claimed area,3,9
5632,6635,Giefttide,2,9
5778,6205,Claimed area,2,9
5703,5436,Isolated Isle,3,9
7070,6669,Frost Peak,3,9
6122,7023,Blue Meadows,4,9
5973,7276,Drevolesie,2,9
6085,7236,yoru no mura,4,9
6487,6334,NINGEN NO MURA,2,9
6026,7016,Blightwood,4,9
6162,7222,Claimed area,2,9
6171,7212,SAKURA VILLAGE,3,9
6233,7406,Main Port,2,9
6222,7472,Three River Point,3,9
6532,7198,Freak City T4,4,9
6517,6545,Starstrider Hold,3,9
6018,6994,New Lumiere,2,9
6238,7138,Cuties Cove,2,9
6773,7176,DEKU FOREST 2,4,9
5542,6556,Claimed area,3,9
6087,7345,MarrowEast,2,9
6534,7279,Bulochki,3,9
5849,6246,Asterias Grove,2,9
5696,7095,Varnak,3,9
7252,7487,Bergen,3,9
6507,7393,Sturmwind,3,9
6657,5712,Grannies Kitchen,1,9
6141,7543,Wyrmward,4,9
6581,6460,Sylphoria,3,9
5487,6282,Down Under,3,9
5678,6459,jolie village hihihi,3,9
6671,7425,Fort Chiantos,3,9
6405,7546,Velika,2,9
6197,7349,Vermilion Falls,4,9
5779,6576,Midgar,3,9
5946,7177,Proxaii,5,9
6512,7119,Pugnacious Aeolid,2,9
6407,6317,CSB Krull,3,9
6627,5460,Vinthule,1,9
6982,7049,Alfheim,3,9
5294,6416,Wakame Beach City,4,9
5437,7426,Tannis,4,9
6842,7134,Event Horizon,3,9
6068,7122,River Retreat,2,9
6071,6478,Wispwood,3,9
5916,7114,ASX QC,2,9
5613,6681,Hexellion,3,9
6249,5485,Wandering Lynx Isle,3,9
5702,6541,Ashen,4,9
6112,6637,Claimed area,3,9
5839,6854,Lorville,4,9
5738,6555,Lothlorien,3,9
5698,6893,Metropolis,3,9
6658,5815,CrumbVille,2,9
6230,6580,Tanpopo Mura,4,9
5308,6884,Shurima,2,9
6929,7375,Riverfalls,4,9
5915,7016,Morniegland,4,9
5584,6729,Birdsville,4,9
6799,7062,Shadwallow,4,9
5565,6420,NUSANTARA T4,4,9
5942,5860,Obsidian,3,9
5604,6742,Slay and Filet Bay,5,9
6989,6638,Northern Front,3,9
6345,7073,LunarBound,5,9
6084,7034,Valeview,3,9
6176,6741,DEKU FOREST,3,9
6014,5711,Sea Shanty Shallows,3,9
5962,6023,CSB Fortuna,5,9
5655,6237,Amesemi,3,9
6037,7514,Caedmuire,2,9
5995,5783,The Void,5,9
5911,6924,Canispolis,3,9
6313,6599,Irithyll,4,9
5429,6260,T4 Schmeckle Port Authority,4,9
5352,6311,Tiramisu,4,9
6518,6412,Kitsune Mura,3,9
6365,6755,Seal Fjord,4,9
6426,6909,Sparta,5,9
6516,6666,Odynheim,6,9
6405,6276,CSB Port Oriel,5,9
7237,3948,Claimed area,2,8
6742,2938,Grasshaven,2,8
6109,3639,The Acorn Cafe,2,8
6230,3860,The Iron Syndicate,2,8
6630,3342,Peepville,2,8
5978,4003,Claimed area,2,8
6495,3607,Claimed area,2,8
6814,3447,Hinamizawa,2,8
7223,4570,Blue Mountain,2,8
6514,4070,Claimed area,2,8
6188,2843,Goat Town,2,8
6752,3149,Jaethis,2,8
5671,4088,Starlit Cove,3,8
6627,3780,Shogunate,2,8
6059,3097,The Panama Canal,2,8
6086,4366,T3 Mine,2,8
6145,3717,AetherFrance,2,8
6082,3811,Sempiternum,2,8
7371,3641,Northgard,2,8
5828,3062,Stone City of Aetherspire,2,8
6642,3294,Slow Fade Yard,2,8
7070,4569,The Outpaw,2,8
6174,3427,Ithaca,2,8
7218,4428,Heather Reserve,2,8
5752,3661,Dalaran,2,8
6798,4556,Hideout,2,8
6428,4149,Corgi Castle,2,8
6438,4239,Emarium Aetherforge,2,8
7045,3515,Mindful Santuary,2,8
7090,3588,Starslayers Grasp,2,8
7311,3397,Balduran,4,8
6517,3834,Lutra Lodge,2,8
6351,4429,UMB Wisteria Bay,2,8
7111,4162,Kasukabe,2,8
5888,4179,chikuwa,2,8
6327,3569,Bosukete,2,8
5378,4576,Claimed area,2,8
6592,2905,Moraband,2,8
6292,3624,CHIMIMI Village,2,8
6140,3226,Lith Harbour,3,8
5410,4235,Royal Court of Princess Donut,2,8
5873,2852,Bucket Economy,2,8
6627,4181,Emarium Cave,2,8
5891,2896,Elsewhere,2,8
6340,3475,The Generalist Society,2,8
6142,3751,Aethercamp,2,8
6859,3851,OKUTAMA,2,8
7281,4518,UMB Tundra Hunting Grounds,2,8
6760,4112,El Nath,2,8
6526,4028,The HNori Depot,2,8
5996,3628,Claimed area,2,8
5240,3129,Ido Front,2,8
6553,3433,KABOSU,2,8
6449,4045,Twinleaf,2,8
5984,4052,Plum Grove,2,8
5509,4187,Slow Life,2,8
6407,3133,Kransas City,3,8
5716,3819,QuoicouLand,2,8
6270,4703,Claimed area,2,8
6700,3784,The Shrine,2,8
6268,4441,Wildehaven,3,8
5515,3914,Claimed area,2,8
7407,4456,FUJI,4,8
6396,4103,Pyrelite Aetherforge,2,8
6615,4403,The Rejects,4,8
6697,2884,Port Atlantis,3,8
6320,4055,UMB Howling Reach,2,8
6005,3404,Worlds End Tavern,2,8
6199,4373,Rais Wildlife Safari,2,8
6359,4343,Amnis,4,8
5339,4535,Mystic Labyrinth,2,8
6486,4356,Pharos,2,8
6363,4181,Kanga,3,8
5445,4075,The Armoury,4,8
6098,3238,Pyrelite Foundry,2,8
6668,3428,Karbranth,3,8
6513,3432,SAKURA Port,3,8
5986,3886,Claimed area,2,8
6575,3477,Shells Town,2,8
6508,4327,Lankhmar,3,8
6295,4124,The Retreat,2,8
5988,3818,Scortcht Earth,2,8
5857,2810,Buckets,3,8
7349,4170,Hekichi Village,3,8
6433,4113,Mount Tremendous,3,8
6018,3945,Claimed area,2,8
7279,3141,Sakura Leaf,3,8
6428,3621,Hare kaze,2,8
6566,3971,Longshire,2,8
6634,3553,Wobble,3,8
6625,3720,VAC recruiting,2,8
6123,3818,THE TREE,2,8
5729,3752,Claimed area,2,8
5935,3057,One More Light,3,8
5715,5036,Node One,2,8
6575,4260,NiChome,2,8
6574,4326,T3 Cave 11 smelters,3,8
6212,3762,Yorkshire,2,8
7121,4474,Claimed area,1,8
6744,4366,Nomads Rest,3,8
7186,4743,Ocearcs Keep,2,8
6721,3617,Caladan,3,8
5923,4306,Reeman Village,2,8
5977,4298,Orange,4,8
6023,3580,SALTWIND VILLAGE,2,8
7423,3939,MUTSU,2,8
5893,2813,Not So Humble Abode,3,8
6222,4200,Salem,3,8
6401,4233,Australis,4,8
6289,4274,Nyxport,3,8
6096,4428,IVI T5,5,8
5614,3674,Mystic Manor,2,8
6473,4399,Wonder Wharf,2,8
6144,3259,Albern Leatherworks,2,8
6956,3304,Bunheim,2,8
6098,3773,Aetherforge,2,8
6127,3787,Aetherdock,2,8
5561,3844,Baroway,2,8
7117,4632,Winterpaw,4,8
6719,3424,Akihabara,3,8
5662,4449,Melon Milk,2,8
5436,3758,Fort Nice Dragon,2,8
5623,4023,Vergeron,2,8
6080,3894,Minecolonies,2,8
5575,4440,Fishery Cooperative,2,8
6201,3321,Serpents Point,3,8
6581,3250,Shas resort,2,8
6697,4750,Innsmouth,2,8
6594,3929,Wispwood,3,8
6534,4301,Moolandia,3,8
5942,3946,Claimed area,3,8
6226,2944,Alternate Reality,3,8
6421,3886,Show Town,2,8
6140,3344,Port Verge,2,8
5911,3879,TriKru,2,8
7065,3448,Carapace,2,8
5798,4143,Gathering Hub,3,8
7276,4822,Roxston,2,8
7432,3797,AMATSU,4,8
6012,2925,Ar Mitra,2,8
5713,3605,Dawnstar,2,8
5673,3719,Alcateia,2,8
6166,3288,Albern Acres,2,8
5628,3675,Changle,2,8
6347,3378,AE COMPANY,2,8
5948,4029,Caltera,3,8
7236,3737,GUNMA T4,4,8
6119,3774,Trade City of Aetherspire,3,8
5855,4072,Aleth,3,8
7074,4371,UMB Peak Joy,2,8
5293,2968,Forteresse du Diable,5,8
6080,4234,Claimed area,2,8
5891,4266,Claimed area,2,8
5955,3602,JAPAN,2,8
5819,3606,Hor Town,3,8
6050,4640,Erhenrang,4,8
5967,4599,Solstice,2,8
5453,2834,Kramexico,5,8
5289,3005,SILVER CITY,5,8
6262,4206,Skogfors,2,8
5561,4444,Fukuoka,5,8
6612,3882,Claimed area,2,8
5752,4507,Hearth Port,3,8
5872,4246,Bongleville,4,8
7556,3389,Isla de Muerta,1,8
7275,3046,UMB Cliffenhaven,3,8
6538,3566,The Haberdashery,3,8
7142,4673,Tundra Express,2,8
7424,4336,Hamamatsu T4,4,8
6174,3038,Ghostlight,3,8
5396,4608,Utopia,2,8
5810,3939,Valencrest,4,8
6014,3061,Canalave Port,3,8
6230,3257,The Bard Camp,2,8
6094,2953,Roma Magna,3,8
6648,3526,Tristram T3,3,8
6607,3436,Izumo Port,2,8
6655,4206,ValdeBrume,3,8
6306,3594,Hamabe,2,8
6209,4475,Sunrise,2,8
6435,4081,Hightree,2,8
6490,4095,The DeWolfe Estate,3,8
7014,2743,Magia Garden,3,8
5462,4126,Tartiflette les Bains,4,8
7503,3278,Rising Dawn,3,8
6617,3150,Grand Arena,3,8
6485,3373,Tama Hachi,3,8
6182,4721,Colonia,2,8
6250,3767,Free Wifi,2,8
5638,3764,Iroland,3,8
6466,3547,Caerlyn,3,8
6175,3215,Austeria,3,8
6017,2898,Fairys Song,2,8
6213,3683,Wolfsmarch,2,8
7266,4691,Mordor,3,8
6177,4438,Prythia,3,8
7212,2880,Prosperity City,2,8
7083,3633,Banana Republic,3,8
6217,3385,Impletio,3,8
5844,4132,Riverside Retreat,3,8
6002,4120,Berghain,3,8
6005,3760,Emberford,3,8
6258,3933,Cairdeas City,2,8
6461,3353,New Valhalla,2,8
6190,4258,Osgiliath,3,8
6507,3670,Nonbiriya no Sumika,2,8
5758,4086,Clairbois,3,8
6380,3366,Hamabe,2,8
5844,3885,Rizzholde Keep,3,8
5722,3691,Mystic Market,2,8
6224,3620,HAYATE,3,8
6964,2834,Bit Japan,2,8
6408,3504,Ravenguard,4,8
6081,2843,Poland,1,8
5530,4127,Fort Kickass,2,8
5958,4149,Buttercup Farms,4,8
6225,3339,Royal MilK Tea,3,8
5418,3981,Promontoire du Lion,3,8
6606,3390,Correspondence School for Heroes,2,8
5649,3624,Mystic Resort,2,8
6752,3271,sumomo,3,8
6785,3207,Ecruteak,2,8
6085,4195,Freeport,4,8
5737,4021,Bridge Four,3,8
5782,3131,Freeport,2,8
6021,2711,Astralis,2,8
6372,3172,Belhaven,2,8
6659,3752,Cocoro Lofi Chill,3,8
6393,3591,NoriYama,2,8
5818,4000,Alberta Company,2,8
6906,3383,Rime Veil,4,8
6637,3372,JP only T3,3,8
5679,3782,TAMURA,3,8
6335,3925,Charmed City,3,8
6302,3541,Inu,3,8
5465,3198,MaraLago,2,8
6610,3976,WURM,3,8
5750,4014,Sea Monkey City,3,8
6814,2989,Kramerica Trading Post,3,8
5971,3046,Humble Outpost,3,8
6179,3837,Riverwood,3,8
7113,4356,UMB Foothills of Regret,5,8
6527,4283,Polish Vodka,2,8
6532,3767,Sukima Village,2,8
6205,2890,Knowhere,3,8
6827,2995,Claimed area,3,8
5325,3689,New Orleans,3,8
6895,4561,dokkoisyo,2,8
6324,4159,K Town,3,8
6255,3714,POMPOCO FARM,4,8
7114,2788,KRAMERICA INDUSTRIES,4,8
5946,4070,Charcuterie,2,8
6344,3651,Zosma,3,8
6177,4202,The Jasmine Dragon,3,8
5756,3854,Yew,3,8
5642,3653,Mystic Marina,4,8
6292,3657,Brotherhood of Leather Workers,3,8
6674,3663,Black Company,2,8
6325,3015,Greystone,4,8
6604,3279,Bratzville,4,8
6680,3256,Hughtopia,3,8
5777,3989,Solo Hermit Hut,3,8
5912,2948,Tentacult,3,8
6020,3694,ALLIANCE,4,8
6099,4327,KACHIKOMI Village,3,8
6183,3705,Zions Bank,2,8
6720,3361,Dunhollow,3,8
5880,3593,Sparkfall,3,8
6802,2980,ChromieHomies,3,8
6525,4589,BlancheRive,2,8
6646,3390,Gooners Haven,3,8
6678,3582,Honeywood,4,8
5981,4157,KAOS,4,8
6510,3470,Sakura,5,8
6048,3646,NAGOYA,3,8
6574,3530,Seventh Heaven,3,8
5756,3608,Moria T5,5,8
6342,4005,Ajisai JP,4,8
6642,3822,Tokyo,4,8
6571,4034,Bed Bathory and Beyond,4,8
5676,4241,Lezzys,5,8
6150,3303,Albern,5,8
7154,4519,UMB Heart of Tundra,2,8
6590,4133,Shizuoka,4,8
6578,4223,Bitburg,5,8
5605,3976,Lutece,5,8
6460,4310,Aquila,6,8
6207,388,Westgarde,2,7
5997,1208,Gumisioland,2,7
6718,1148,Dragonstone,2,7
5855,654,Claimed area,2,7
6704,2135,Why,2,7
7378,1476,Starlight Sea Pier,2,7
6817,1397,Claimed area,1,7
7352,2205,Port Sea Haven,1,7
6266,596,Applebees Bar and Grill,2,7
6714,605,Bootleg Bay,2,7
5448,1278,Vintage Story,1,7
6474,1357,Claimed area,1,7
5362,829,IronHeart,2,7
6111,700,Angry Ducks,2,7
7258,1895,Silverwood,2,7
6556,718,Siberia,3,7
6128,726,Rivers Spire Tree Farm,1,7
5797,268,The Skjold,2,7
6320,983,Claimed area,2,7
5675,754,Suokyla,2,7
5885,1460,New Ground,2,7
6965,455,Spider Queens Lair,3,7
6050,514,Sailors Corner,1,7
6063,1785,Underground,4,7
6773,690,Bravos,2,7
5436,982,Alduruhk,2,7
6428,1342,Kringleville WIP,2,7
7067,1091,Alexandria T3,3,7
5607,1279,HoneyWood,2,7
6127,1198,Knights of the Elite Order,2,7
6858,662,Autumn Cascades,2,7
6605,558,Germanica,2,7
6253,706,Anise meadow,3,7
6559,1005,Claimed area,2,7
5435,943,Stuli,2,7
6096,841,Super Earth,2,7
7068,1997,Solstice,2,7
6187,810,Two Brothers Trading Company,2,7
5299,1241,Lunesland,3,7
6029,640,FB Ladybird,2,7
6105,1462,Claimed area,2,7
5741,1331,Claimed area,2,7
5330,1659,The Rock,2,7
6281,1222,Yugoslavia,2,7
6738,1814,Harbingport,2,7
6214,721,Komsomolsk on Amur,2,7
5923,632,The Exchange,2,7
5918,1163,The Wanderers Refuge,2,7
5936,1990,Pyrelite Mines T3,3,7
5317,867,Rosewood,2,7
5234,2087,Grindhalla,3,7
6366,867,Idanor,4,7
6334,1280,Willow Bank,2,7
6161,1741,Port Saltrest,2,7
6257,1621,Port Sarim,2,7
6305,723,Coldwater Cove,2,7
6468,1418,Pyros logistics,2,7
6251,1534,Caffeination,2,7
6461,733,One Stray Meteor,2,7
6634,1731,Under Construction,3,7
6408,824,Caen,3,7
6948,633,Westmarchistan,3,7
7347,1494,The Lighthouse,3,7
5953,934,Celestria,2,7
5649,1329,The Watering Hole,2,7
6192,1795,The town next door,3,7
7022,697,Goldhain,2,7
6046,1169,Cedar Point,2,7
6358,1109,Claimed area,3,7
6382,1364,Hermits Zen,2,7
7442,1253,North Haven,2,7
5703,1555,Claimed area,1,7
6450,1023,Deepantler,2,7
7001,2178,Bakeko,2,7
6665,1624,Casa Minja,2,7
7099,2186,Harumura,2,7
7068,2233,Port Avignon,3,7
6361,1521,Cozy Residents,3,7
5986,1177,Barsoom,2,7
6551,166,Lothern,2,7
6338,840,Claimed area,2,7
5354,2269,JITA 44,4,7
6062,1396,Lenapehokink,2,7
5904,675,Claimed area,2,7
6543,775,Emberfin Bay,2,7
7233,1157,The Oasis Bazaar,3,7
7242,1450,Claimed area,2,7
5779,936,Pallimustus,3,7
7437,1208,Emarium Heights T4,4,7
6092,1579,Riverfell T2 ferralith mine,2,7
6152,1647,Ragnarok,4,7
6473,343,Hutike,3,7
6597,765,Haithabu,2,7
7040,580,Confused Heights,2,7
6035,1876,Blackwater Hollow,3,7
7259,649,Booty Bay Island,3,7
5307,1093,Nordstadt,2,7
5999,1607,Stupid Town,2,7
5279,546,Shamble Realms,3,7
5999,1422,The Crossing,2,7
6001,1050,Claimed area,2,7
7264,1091,REDACTED t4,4,7
6095,1805,West Haven,2,7
5859,948,Cass City,3,7
6144,1770,Trench no more,2,7
5707,347,Anatolia,2,7
6313,791,Warehouse 3A75E,2,7
6752,462,Three Rivers,2,7
6398,112,the endless night,2,7
6259,791,Noobs Hideout,2,7
6969,283,New Neo New New York,2,7
5837,797,Arcadia,2,7
5500,2272,Swampy Bay,2,7
6320,1166,The General Store,2,7
6326,782,Hearthwood Investment Firm,3,7
6377,596,Oldman Rest,2,7
6431,1433,Zanshire,2,7
5750,608,BBQ Sauce,3,7
6590,635,PugLand,2,7
6428,707,TruePlay T4,4,7
5223,1266,Southport City,3,7
6873,1303,Lodestar,2,7
7231,1421,FABRICA DE LA LUZ,2,7
6339,806,Salt Mining Company,4,7
5981,1277,S A L Z B U R G,2,7
7017,1179,Claimed area,1,7
6380,1522,Fornost,2,7
6086,1144,UsiGoya,3,7
5436,1910,Saint Chillinburg,5,7
5655,724,Salti Shores,3,7
6403,235,Slayers Retreat,2,7
5881,981,Majestic Friendos,2,7
5886,782,Oak Landing,4,7
5482,866,Asgard,4,7
6309,811,Mommys Little Burden,3,7
6452,1506,Claimed area,3,7
5626,680,Ba Sing Se,2,7
5506,1263,Sasagi Birds,4,7
6315,689,T4 Settlement L Emarium,4,7
7390,1930,The Roanoke Colony,3,7
5974,843,Vkusvill,2,7
6294,1624,Harbington,3,7
5838,687,New Eden,2,7
6266,754,Solncevo,3,7
5572,593,Feywild Haven,3,7
6917,2164,Claimed area,2,7
7017,2073,Satomura,4,7
5894,1746,Yakiniku Udon,2,7
6176,565,Checkpoint Charlie UwU Gang,3,7
6314,838,Tartarus,3,7
5547,865,Emberkeep,3,7
5999,1110,dumo sumo,2,7
6178,723,Plavs Place,3,7
5776,1258,Babys First Settlement,3,7
7011,2494,Hyperborea,2,7
6599,508,Big Booties Bay,2,7
6421,1035,Dankholme,3,7
5521,1176,Alistad,2,7
6570,887,Ironman,3,7
5636,1483,Bethel,3,7
5437,1232,Brightwater Bay,3,7
5861,1109,Misty Lake,3,7
6064,1239,hell,2,7
6116,1564,Little Fishing Camp T2,2,7
5901,707,Harestua,3,7
7508,1948,Fort Port,2,7
6024,1548,Wrench Toolbox T3,3,7
5916,278,Moonlit Promenade,4,7
6969,1934,Frostgate,4,7
7172,821,Mt Doom,2,7
5416,1171,Franklintonne,3,7
6407,567,The Azim Steppe,4,7
6743,1508,Rivendell,3,7
5988,786,The Rusty Reel,2,7
6756,2054,Bakers Coven,4,7
7027,1622,Aestaria,3,7
6332,1538,The Randy Ribbit Ranch,3,7
6596,1415,Wadovice,3,7
6382,1454,Pyros Paradise LV0 to 40,3,7
5736,1427,Vesper,2,7
6349,300,TROLL TOLL,3,7
7019,1431,Snowbelle City,2,7
5801,620,Buffalo Wild Wings,4,7
5811,1735,Verdite,2,7
6131,804,SecentEtVyntum,2,7
6782,310,The Temple,3,7
7180,1507,Mirkwoodia,2,7
6299,1273,Willowglen,4,7
6427,1521,Sazaesan,3,7
5884,540,Alcatraz,3,7
7204,1315,Hearthwood Mining Consortium,4,7
6389,1035,Keltrath City,4,7
5507,780,Sweetopian Falls,3,7
5780,1076,Lothlorien,3,7
5988,702,Falreach,2,7
6995,899,The Passage,3,7
5712,722,Teahouse Traders,2,7
6578,810,Henesys,3,7
6981,1619,The Emerald Grove,3,7
6429,1240,Fort Joy,3,7
6121,1288,Knights Who Say NI,3,7
6351,896,Dead Jakyl Inn T2,2,7
6042,775,SWIM,4,7
5384,1958,dis durt is,2,7
6829,629,Port of Westmarchistan,2,7
5663,592,Atreia,2,7
7322,1637,Northome,2,7
6403,1127,The Grand Exchange,4,7
5621,1442,Oranor,3,7
6743,2238,Petoria,3,7
5261,1172,Plebbington,4,7
6152,751,Rivers Spire,3,7
5584,730,New Burgtonville Town,3,7
6089,760,Freeport,3,7
6742,1304,Northwestershire,3,7
5980,1804,Maplewood,3,7
5452,904,Salty Shallows,3,7
6370,814,Realms End trading port,2,7
6207,1631,T4 The Jackals Shelter RU,4,7
5335,1031,Waltertal,3,7
6383,941,New Efia T4,4,7
5293,1281,Chillboksary,2,7
6651,1205,T6 Widmoryn T6,6,7
6938,2438,T3 OSAKANA ISLAND,3,7
6578,1655,Juniberry Bay,3,7
5677,1195,T5 Forest Lookout T5,5,7
6112,361,The Moonlit Court,4,7
6326,763,Naberezhnye Chillny,5,7
6097,1832,New Haven,5,7
6466,1480,T3 Varsovia T3,3,7
6321,1589,Kramerican Recruitment Center,3,7
5487,1317,Port Taverna,5,7
4187,6173,Claimed area,2,6
4744,5786,The First Wave,1,6
2746,7250,Claimed area,1,6
3839,6139,Arcadia,2,6
3564,6310,dalaran,2,6
4108,6424,Thoss Falas,1,6
4251,5908,Athens,2,6
4392,5776,Roots Outpost,2,6
4294,5511,Gurkenhausen,2,6
4769,6237,The Lonely Mountain FL,2,6
3655,6195,The Liberators,2,6
4963,6670,The Amethyst Silence,2,6
3377,6476,Fae realm,2,6
3533,6131,Storage,2,6
3406,5871,Lost Woods,2,6
4237,5707,Claimed area,2,6
4458,7237,Dacha Na Bolote,2,6
3501,5942,Gromgol,2,6
4445,5605,Claimed area,3,6
3758,6055,Claimed area,2,6
5011,6233,Antiquity,3,6
4120,6368,Sporidia,2,6
4836,6632,Boughtopia,2,6
3786,6423,Kimchi Fried Rice,2,6
2951,6402,New Dema,2,6
2727,5844,Claimed area,2,6
4606,5612,Claimed area,2,6
3935,6584,Port Miami,2,6
4529,5555,Ancillary Academy,2,6
4294,5884,Claimed area,2,6
4106,6724,Falador,2,6
2642,7374,The Eighth Mountain,1,6
4244,6962,Port Royal,2,6
2728,7300,Payar,2,6
3528,7003,Claimed area,1,6
4725,5462,Piscatoris,2,6
3076,5772,The Emerald Silence,3,6
4199,5633,Pelargir,2,6
4513,6644,North Haven,2,6
3410,6572,DRIFT PORT,2,6
4803,6412,Claimed area,2,6
2981,6084,LazyTown,2,6
4332,7466,Gulf T4 Cave Public Access,2,6
4274,7299,Gulf T5 Cave Public Access,2,6
4499,7339,Gulf T5 Wood TP Bank Teehee,2,6
4961,6089,Brudenshire,3,6
3139,6488,Asgard,2,6
3794,6015,Moonlight Harbor,3,6
3288,5699,The Rathium Den,3,6
3493,6723,Lothlorien,3,6
3997,7241,SAITAMA,2,6
4288,6488,Darkhold,2,6
3555,6645,Claimed area,1,6
2899,6164,Upplands cove,2,6
2943,5520,Gray and Sons Fish and Tackle,3,6
4590,7102,Large Pyrelite Cave,2,6
2812,7249,Mirkwood,2,6
4760,6344,Artosis,2,6
4256,6995,Hackberry,2,6
4507,7179,Ravenmere,4,6
4258,5826,Lymhurst,3,6
3374,6766,Seiryu,2,6
4955,6285,Travellers Rest,2,6
2859,5560,Braincell Stasis,2,6
2860,5850,Domus Piperus,2,6
4179,5677,Hoelbrak,2,6
4254,7027,Yawldi,2,6
4996,6288,Bank of Westeroz,3,6
4463,6001,Switchback Reach,2,6
3218,6385,Isengard,2,6
3728,6631,Claimed area,2,6
3103,6404,Claimed area,2,6
4067,6480,Buttercup Grove,3,6
3897,6552,Avalanche,2,6
3445,5443,Claimed area,2,6
4162,6579,Port Wolfington,3,6
3307,6807,Gojiberry Bay,2,6
3528,6185,Claimed area,2,6
3032,6364,Duesterfels,2,6
4052,6450,Claimed area,2,6
3618,6186,Devine Dwelling,2,6
3066,6012,New Capenna,3,6
3458,6419,The Crossroads,3,6
3505,6276,Goon Town,2,6
4170,7160,Acadia,2,6
3393,7464,Isolated Idea,2,6
2787,5727,Nindamos,4,6
3845,7264,Port Khazard,3,6
3601,7196,Memory Bank,2,6
4638,6287,Red Soul T3,3,6
4229,6537,Crittervale Masonry,2,6
3670,7030,Rivertrap,3,6
2902,6423,Vinland,3,6
4431,6320,Land Of The Rich,3,6
3359,5579,Nordheim,2,6
3009,5791,Claimed area,2,6
4321,5972,ShadyShores,2,6
2819,6056,HEL,2,6
3303,6553,Hearthland,2,6
4756,6558,Claimed area,2,6
3767,7239,Eichenfurt,2,6
4214,6321,Hermit Hide away,3,6
3608,6120,Efes,2,6
3931,6186,Fort Forinthry,3,6
3180,6391,Twilights Rest,2,6
4322,6053,Darktide,3,6
4352,6429,Quietbay,2,6
3186,5313,SkyTown,2,6
3364,6829,Minas Morgul,2,6
4101,5846,Sosnowiec T4,4,6
3797,6633,Riddermark,2,6
3111,6557,Socializing,3,6
4150,6615,Claimed area,2,6
4122,6166,Claimed area,1,6
3255,6799,Our Own Nightmares,2,6
4845,7223,Star Haven,2,6
4222,7052,Totally not a Secret Silo,2,6
3788,5823,Tokyo,2,6
3591,6396,Queenby,2,6
4371,6913,Gaia,2,6
4123,6675,Eastshade,3,6
4366,5509,Fenris Port,4,6
2903,6465,Valhalla,3,6
2947,6137,Claimed area,2,6
3861,6480,Femboy Village,2,6
4898,6414,The Azure Silence,3,6
4113,6237,Nightvale,3,6
2928,5487,The Tacklebox,3,6
4044,6684,Draynor,2,6
3732,6092,Vermin Coast,1,6
3146,5881,Valors Call,3,6
3638,6773,SS,4,6
2830,5665,Windborne Trading Collective,3,6
2902,6339,Claimed area,2,6
4377,6297,Phantom Hold,2,6
3947,6456,Oakenwatch Druids,2,6
4949,6385,Die Luebecker Hanse,2,6
3027,6322,Arcadia,3,6
4760,6969,Moomin Valley,2,6
3759,6134,Elizwo,4,6
4504,6764,SOUL OF JAPAN,2,6
3683,6264,Claimed area,2,6
3872,5314,Port Tragedy,3,6
2874,5333,MIYAKO OCHI,2,6
3101,7387,Raktika,3,6
3186,7151,DangrLand,3,6
3143,7021,Persephones Heart,3,6
3577,6467,Claimed area,2,6
3128,5509,Elder Sky,2,6
4093,5955,Emporion,2,6
3883,5705,Port Gruesome,2,6
3678,6364,Claimed area,2,6
3698,6676,Claimed area,3,6
3981,6465,Hell,2,6
4164,6710,Factoria,3,6
3957,5833,Shiny,3,6
4083,5374,Tessavarium,3,6
4406,6445,Ankh Morpork,3,6
3977,7438,Port Sarim,3,6
3678,6218,Timbermania,2,6
2932,6635,Lemonade Stand,3,6
3866,6618,Shire Thingy Bank,2,6
3266,6449,T3 Encantarantadia,3,6
4786,6554,Claimed area,2,6
3707,5742,Shadow Falls T3,3,6
4014,5999,Enigma Syndicate,2,6
3154,7072,Makai,2,6
2917,6534,Claimed area,1,6
3967,5980,The Baddies,4,6
3891,6514,GaryDozer,2,6
2877,7356,Claimed area,1,6
3389,6327,Peepton,2,6
3839,5879,Ankh Lesspork,3,6
3420,6268,Alexandria,2,6
3785,6251,New Mombasa,3,6
4491,6834,GoingThrallsDeep,2,6
4206,6253,Krakatoa,2,6
3386,6691,Gondor,2,6
4377,6790,Knights Rest,2,6
4716,7298,WaterfallTown,3,6
4170,7059,Echinococcus,3,6
2913,6382,DEMA,3,6
4117,6611,Just A Bit Freaky,3,6
3556,6496,a little village,3,6
3210,6628,Ursa Minor,3,6
3478,5606,ACAB,2,6
2867,7078,Reapers Cove,3,6
4204,6737,Crop oil powa,2,6
4403,6001,Celeste,4,6
4606,6741,Mist,3,6
4519,6090,Dimmere,2,6
4290,5732,Boston Tea Party,4,6
3980,5314,Izyr Porta,2,6
2975,6681,Hanged Mans Retreat,3,6
3512,5773,Claimed area,2,6
4523,6806,Or Tel Tanarri,3,6
4032,6618,Rivendell,3,6
4919,7209,Distal Phalanx,2,6
2998,5685,The Maw,4,6
4338,6381,Tir Chonaill,3,6
3820,6933,Booty Bay,3,6
4479,6265,MysteryMachine,3,6
4457,6571,First Light T4,5,6
2669,7400,BigBootyBay Dot Com,3,6
4293,6997,Rainbow Cove,2,6
4331,6905,Sapphic Shore,2,6
4868,5621,North Sentinel Island,4,6
4029,6148,Elins Legacy T3,3,6
3264,6591,Ursa storage,2,6
4253,6899,Elixia,4,6
4442,6870,Ravenshollow,4,6
4340,5727,Noobard Crew FR Crafting T3 T4,4,6
4077,6028,T4 Shelobs Lair,4,6
4571,6605,Bree Tavern,3,6
4692,6262,Lunaris,2,6
4022,6504,Cherrywell,2,6
3813,5384,Port Comedy T4,4,6
4570,6734,Tanuki,3,6
4259,6787,Sideras Rest,2,6
3739,6188,Gossip Cape,4,6
2990,6604,Amaurot,4,6
3873,5991,Artisans Union,4,6
4223,6831,DosH City,3,6
2864,5959,Synepstra,2,6
4959,6188,SHORE END,4,6
4245,5581,Il Mulino T4,4,6
3600,5639,Vodostrov,4,6
4087,5914,CastaWAHs,4,6
4264,6109,T5 Tideholm R6 capitol,5,6
4717,6555,Moxtopia,4,6
4366,5555,Claimed area,2,6
3888,6154,Varrock,3,6
3027,6400,Seestein,4,6
4211,6988,The Gulf of Bitcraft,5,6
4445,7350,Nocturne,5,6
3127,5356,Mistpine Grove,4,6
4841,6486,The United Tribe of Prrt,2,6
3834,6685,Oakheart,3,6
3601,6859,Mordor,3,6
3640,7186,Derpdom,4,6
4655,6638,Zephyr,4,6
3825,7077,Brimhaven,4,6
4101,5671,T5 Wispervale,4,6
4132,6519,Lake Olympus,4,6
3661,6719,Lazy Axe Clan,2,6
4005,6577,Armenelos,4,6
3503,6979,Umbrage,4,6
3919,6483,Shovel,4,6
3568,6148,Ratwood,5,6
3160,6145,Jardin Shores,3,6
3886,6600,Shire thingy,3,6
3116,3327,Claimed area,1,5
3161,3326,Claimed area,2,5
3650,3147,Claimed area,1,5
3841,4170,The Forgotten,2,5
3886,4017,Jamestown,2,5
2918,3121,Benidorm,2,5
3392,4079,ReapLandia,2,5
3972,3878,Fishers Point,2,5
4194,4610,Posterior Prospecting,1,5
3006,4704,Narushimas Slayer Outpost,2,5
4109,4430,Gluteus Grove,2,5
3666,2997,Claimed area,1,5
3597,3921,Claimed area,1,5
4672,3300,Claimed area,2,5
3914,4517,Tortuga Bank,2,5
2947,4655,Moosewhere,3,5
3539,3992,SauceyBois Beginner ProcessingPlant,2,5
2903,4259,Comf,2,5
3759,3885,Ballishmo,1,5
3023,4119,Mythril Cove,3,5
3469,4027,NotAdmins Base,1,5
3469,3015,Luminite Cave Mining Post,2,5
3565,4256,Tortuga Hill,2,5
3426,4014,The Silk Road,2,5
3568,3079,Capricorn Grove,3,5
3637,4269,Diplomatica,2,5
3221,3392,DoofenSchmirtz Evil Incorporated,2,5
3795,3995,Claimed area,2,5
3304,4172,Twinguard,2,5
3926,3113,Lighthouse construction site,2,5
3557,3903,Sherwood Forest,2,5
4503,2848,Claimed area,2,5
3550,4084,Kingdom of Great Kourend,2,5
2734,3566,BEAN Trading Co,2,5
3062,3602,Claimed area,2,5
3794,3885,The Bend,2,5
3309,4089,Duesseldorf,2,5
3184,3354,Claimed area,2,5
3998,4213,Momiji,2,5
3876,4309,Claimed area,2,5
4120,4060,Ironhook Harbor,2,5
4212,4855,THUNDERDOME T6 MINE,2,5
3451,3838,Larunda2ElectricBoogaloo,2,5
3410,4649,The Vermilion Forge,2,5
3699,2662,Uchi,2,5
3365,4155,Homie Hamlet,2,5
4516,4282,Almourol,2,5
3611,3486,Bagderia,2,5
4740,4529,Claimed area,2,5
2944,2982,Kaulsdorf Walddorf,2,5
3824,4601,Tavernia,3,5
3359,3744,St Louis de France,2,5
3631,4370,Umbura Kingdom,2,5
4043,3973,Death and Taxes,2,5
3767,2972,Goat Cove,2,5
4374,4740,Stonecrop,3,5
3359,2798,Sharebiosis,2,5
4486,4416,NeuSeeBurg,2,5
4196,3402,Crows Passage,2,5
3361,3246,Kainan,2,5
3103,2868,Reeshes Rest,2,5
3487,3167,The Velvet Banana,2,5
3820,4069,Willowbrook,2,5
3878,4466,Tortuga Boundary 1,1,5
3880,4527,Tortuga Boundary 3,1,5
4560,4325,New Tentacult,3,5
3157,3054,Hutor,2,5
2754,3644,Raya Lucaria,2,5
4245,3769,Entrance of the Crypt Digsite,2,5
4228,3710,Bucephalae,2,5
3572,3812,Sagerion Port Town of Stone,2,5
3713,3202,Bardhs Rest,2,5
4353,4344,Seaside Smithy,3,5
4096,4215,The Foundry,3,5
3432,3967,Jargo Hansa depot,1,5
3878,2802,Hauptpost,3,5
3976,4571,Bitrock Bay,3,5
3023,3695,Port Morti,2,5
2918,3038,DWIPALA,3,5
3720,2708,Domstadt Speyer,3,5
3370,3530,Claimed area,2,5
3189,3801,OWARI,2,5
3238,3912,Short Straw Kitchen,2,5
3125,4614,CROSSROADS,2,5
3951,3949,Throne of the ElderTechnoDads,2,5
2988,3361,Thneedville,2,5
3965,3914,Dragons Maw,2,5
3982,4033,Naughtingham,3,5
4162,4117,Claimed area,2,5
4063,4239,The Sugar Shack,3,5
3916,3958,Task Market,2,5
4152,4817,Thaliana,3,5
3967,4289,Caliriva T3,4,5
3058,3675,Corellia,3,5
4997,3474,Cape Mandalore,2,5
3548,3932,Baan Rimre,2,5
3429,2809,Melodia,3,5
3313,3820,Cargo and Compass,2,5
3806,3174,Frivs Attempt At Solo,3,5
3895,4191,Abacadabra,2,5
3855,3924,Solitude,2,5
3937,3873,Dragons Hoard Hansa,2,5
3958,4071,Argentum,3,5
3376,4851,Khitomer,2,5
4229,4396,Gators Grind,2,5
4157,4063,Tarren Mill,2,5
3891,3871,Dragonsbelly,2,5
2774,4178,Claimed area,2,5
3496,4194,temp,2,5
3524,4141,Water Hole,2,5
3007,3736,Claimed area,2,5
4125,3568,The Ninth Mountain Hansa,2,5
4448,3982,Mystic Safari,2,5
2763,4878,Claimed area,2,5
3710,3824,Duskmist Haven,3,5
3495,4911,Neu Sorpigal,3,5
3342,4873,Bergkamen,3,5
3301,4655,Virtrials Kitchen,2,5
3874,4418,Misco Republic,2,5
3089,3098,The Squeakery,2,5
3761,3641,Krakens Rest,3,5
3508,4598,Nordics Hunting Hub,2,5
2990,4818,Port Subtle Clown,2,5
3385,3467,Claimed area,2,5
4283,3737,Shade Steppe,2,5
3523,3872,Golden Spaniel Fishing Co,2,5
4862,4473,Dawnslayer,2,5
3495,3961,West Bank,2,5
3673,4724,Chengde,3,5
3969,4513,Coconut Point,2,5
3785,4368,Emberwatch,4,5
3122,3758,DuskadiaSpirit Settlement,2,5
2850,3675,Radiance,4,5
2908,4411,Nowhere,4,5
4024,3263,Mining Camp,2,5
2849,3569,Thunder Thighs Seeking Members,3,5
2953,3696,Port Shaii,2,5
4188,3649,Varrock,3,5
3602,4237,Square Nation T4,4,5
4007,3899,Claimed area,3,5
3710,3797,The Wandering Root,2,5
3266,3264,Claimed area,1,5
3406,4251,Ironburger,3,5
3671,4455,Crossing Waters,2,5
3708,3890,Ragnarok,2,5
3321,4491,The Hunters Dream,3,5
3669,3313,Land Of Wano,2,5
2686,4750,The Emberbound,2,5
3045,3643,Claimed area,2,5
3961,4371,Runya,2,5
3755,3757,Point Soggy,3,5
3661,4215,Moj Dom,3,5
4065,4040,Port Adhara,4,5
3777,3668,Tree,2,5
3891,3144,Luebeck,4,5
4486,4382,Black Company T5,5,5
3135,3796,Chuchichaeschtli,3,5
4051,3654,Crows Nest,3,5
3731,3839,Darude,2,5
3521,3507,Empire iLLUMINATI,2,5
3035,3781,Dom Navy RU,3,5
3915,3985,Blunder Hills,2,5
4556,4025,Half Assed Heroes,3,5
4719,3967,Hermit Hut,2,5
3486,3406,One Quarter Cogees,2,5
3816,3577,Aberwyn,3,5
3590,4871,Silverwind Trading Co,3,5
3129,3426,Claimed area,1,5
3617,3854,RedMoor Checkpoint,3,5
3307,4135,Klatilov T3,3,5
3218,3175,Kumano,2,5
4414,4004,Claimed area,2,5
3501,3908,Dadlandia,2,5
3672,3341,Yolen,2,5
4742,4405,Askonia,3,5
4772,4360,The Citadel Hunting Lodge,3,5
3785,3208,New Ports,2,5
2742,4659,Pensacola,2,5
4409,4451,Deutschland,2,5
3950,3995,The Tailors Guild,3,5
4841,4320,PaniK,2,5
3064,3337,Heliopolis,3,5
3583,4138,TalentRaspel,2,5
3436,3359,Lakeside,2,5
3743,2830,Clan Matar,2,5
3817,3828,Cerulean Shores,2,5
3435,3614,Utopia,3,5
4783,4204,Port Dawnsbirth,2,5
4467,4343,UmberFen Grove,3,5
2881,4292,Kaerus Leap KNR5,4,5
3763,4866,Alexandria,2,5
3584,4820,Town Of Georgia,3,5
3919,4261,IronBank T4,4,5
2886,2774,BitCraft,2,5
4396,3931,Refugio Hispano,2,5
3219,3334,Mossbank,2,5
3856,4719,New Urk,4,5
3923,4436,Tortuga Boundry 2,2,5
3071,3189,The Bog,2,5
3638,3406,Grinburg,2,5
3057,4072,Towerborne Refuge,4,5
3251,3467,Blister Hill,2,5
4408,4355,The Stone Keep,3,5
4931,4526,XCorvos Br,3,5
4489,3932,Gifts Gleam,4,5
2833,3481,Strixhaven,3,5
3619,2629,Birka,2,5
3793,3805,Hobo Village,3,5
2945,3190,Cossack Sich,4,5
3676,3540,Walmart,3,5
3498,3530,The Hollow,2,5
3499,3383,Kattegat,2,5
3810,4934,SWARM,3,5
3040,3470,Bangaichi,3,5
4506,3993,Regen Rueckwerts,3,5
3748,3940,Midnights at the Oasis,3,5
3391,3625,THE MACHI,3,5
3312,3253,Wakayama,3,5
4771,4615,Vault,3,5
2871,3021,TOMOSHIBI,2,5
2644,3944,Silverwood,4,5
3705,4977,terassi,3,5
3491,4257,Last Hope,3,5
4515,4145,Greywood Outpost,3,5
2993,3713,Port Sarim,2,5
3142,3875,Raindrop Fields,3,5
2981,3415,Kampala,2,5
3772,4116,Supervillain Hideout,3,5
2739,4075,T3 Eternal Flame Newbies Welcome,3,5
3381,3561,Vaeltharion,3,5
3332,3304,Terabithia,2,5
3704,3285,Coralbay,3,5
2648,4432,Cloudbreak Bastion,2,5
3110,3453,Arcadia,2,5
2760,4765,Port Profit,3,5
3724,4273,New Adelaide,3,5
3992,4332,Beluga Bay,2,5
3345,2826,Symbiosis,4,5
3517,2726,The Forgery,2,5
3764,2754,La Aldea de la Luz T5,5,5
3978,4264,Eversong Woods T3,3,5
4426,4248,Sea Goat,3,5
2843,3086,New Sanctum,3,5
2793,3987,Peasantville T3,3,5
4520,4385,zdarova,2,5
2932,3652,Inari,3,5
2863,4198,Ferra Station T4,4,5
3430,3278,Silver Spire T4,4,5
3939,3006,Far Harbor,2,5
3939,4242,Maplewell,2,5
3288,4054,Troskovice T5,5,5
3855,3835,Avalon,5,5
2886,3474,Spirit of the Wind,3,5
3927,4130,Jakyls Den,4,5
3577,4943,Lass hole in the wall,3,5
4337,2706,Dragons Tail T5,5,5
2777,4042,Harborheart,3,5
3173,3401,Port Olisar T5,5,5
2893,3984,Port Honeydew,5,5
2849,4097,Rattopia T5,5,5
3916,4038,UMB Foragers Rest,3,5
3697,3381,Booty Bay T5,5,5
3006,3622,Retirement Home T4,5,5
3724,2880,Ethorium,3,5
3375,2733,Lunacreek,4,5
2983,3463,Imrryr The Dreaming City T4,4,5
3652,3216,The Citadel,5,5
3322,4004,Roam T4,4,5
4784,3926,Neitiznot,3,5
4705,4458,Bitbucht T5,5,5
4419,3851,Emberleaf T5,5,5
3938,4494,Tortuga Prime,7,5
3142,3354,Mama Liu Kitchen T5,5,5
3385,3885,Dayton Ohio,4,5
3703,3602,Campamento de la Luz T2,2,5
4624,3756,Twin Falls T4,5,5
3728,3728,Mooring Wood,4,5
4316,4407,UMB Luksolis,4,5
4605,2714,Bleak Spire,4,5
3845,3675,Tincture T5,5,5
3456,3993,Jaruudsalem T6 Noob Friendly,6,5
3919,3875,Dragons Head T6,6,5
3438,119,Claimed area,1,4
4166,927,Atlanta,2,4
4043,1468,Brisbane,1,4
3659,798,Temple of the Grinding Falls,2,4
3007,2379,Port Golden Ale,2,4
4576,1489,Casual Tactics,2,4
3389,1178,Town of New Beginnings,2,4
3738,824,Strangers With Candy,2,4
4020,718,XF,2,4
3149,1396,Claimed area,1,4
3085,2409,Claimed area,2,4
3036,2184,Claimed area,1,4
4743,1731,Claimed area,2,4
4136,1477,Touch Grass homestead,2,4
4358,1223,The Estate,2,4
3714,1837,Midwater StorageKing,2,4
4137,2393,Ratland,2,4
3987,1789,Barovia,2,4
2632,2169,Grillfreunde,2,4
4762,1280,Claimed area,2,4
3754,1978,Isle of the Big Tree,2,4
4176,744,Quackers,1,4
4324,2076,Swampshire,2,4
3164,759,Ashenvale t6 ore cave,2,4
4371,2027,Niflheim,4,4
3334,1904,Twinsies,2,4
3267,1484,Fishermans Unrest,3,4
3660,1683,Dab Dynasty,1,4
3758,1208,LittleCity,2,4
4468,1220,DogHouse,2,4
4232,1300,Baltika,2,4
3526,1916,Claimed area,2,4
3519,1882,BiggsBros,2,4
3348,1359,T1 Mats farm,2,4
4102,672,The Thule,1,4
4040,1637,Salt and Silver,2,4
4269,360,Willowgrove,2,4
3614,1132,Venice,2,4
3541,803,Piggys Hideout,2,4
3242,1308,Firefly Falls,3,4
3935,726,Pawbeans Village,2,4
3389,856,Claimed area,1,4
3250,1226,Ordal City,3,4
4297,152,Silk Road,2,4
3528,1044,FishGoD,2,4
2832,362,Mistmoon Landing,3,4
3005,2289,Claimed area,2,4
3522,366,AZGARDIA,3,4
3096,1218,Emarium Mine,3,4
4614,1616,Free City of Nightingale,3,4
3194,1360,York,2,4
3252,1190,The Monumental Tree Plantation,3,4
3995,629,Slayers Rest,2,4
2855,1990,Four leaf Trading Company,3,4
3708,2125,The Golden Anchor,2,4
3206,174,Wyrmrest,2,4
4218,1146,Kings Glade,2,4
3462,1885,Raa,2,4
3126,529,Claimed area,1,4
3381,2378,Surge Island,2,4
2990,2094,Embergrove,2,4
4020,1095,Concordia Magna,3,4
3543,1583,Thai Village,3,4
4314,1587,The Swallows Nest,3,4
4551,871,Kerrigor T6 Cave,3,4
4380,154,187,2,4
4175,1104,Hankala,3,4
3857,1303,Claimed area,2,4
3816,443,Centra,4,4
4179,1424,Devils Den,2,4
3375,458,PerPlexCity,2,4
3443,1419,La crypte,2,4
4785,2428,Hobbits Refuge,4,4
4492,2416,Talbay,2,4
3949,860,The Print,2,4
3245,341,Lunar Scales,2,4
3195,1685,Travelers Rest,2,4
3037,1191,The T3 Cabin,3,4
3487,2237,The Meownicipality,3,4
3705,704,Claimed area,2,4
4195,575,Talpost,2,4
2877,888,Cozy Cove T4 Mining,4,4
4197,607,Driftwood Landing,2,4
3020,1824,Solaris Society T2,2,4
3239,1369,Tal Trade And Storage,2,4
2945,2217,Grizzly Village,2,4
4509,476,Tidefall Sanctum,2,4
2862,2280,Excellent Era Trade Group,2,4
4368,778,Queens Falls,3,4
3696,797,Twin Falls Lake,3,4
3604,587,Dwargon,3,4
4250,1400,Muffled Gorilla Violence,2,4
3630,1241,Kafka Manor,2,4
4101,1056,Claimed area,2,4
3918,2006,Rongi,2,4
3747,2062,Solaris,4,4
3771,863,Daggerfall Cove,2,4
3982,710,WardenS Outpost,2,4
4375,1073,RUNE,1,4
4833,2350,The Crowfen,2,4
3537,1997,Abaddons Harvesting Station,3,4
4673,1869,Lazy Outpost,2,4
3048,2280,Scholars Island,3,4
4744,2174,Losomn,2,4
3512,1520,Saltspire,2,4
3289,1567,Bears Respite,2,4
3153,1733,Harpers Wood,2,4
3554,2045,Oakshade,3,4
4337,1016,Eldraia,3,4
3099,569,Dock Luko Inc,2,4
3461,1653,Timbuktu,3,4
2714,893,Cliffburrow,2,4
3171,575,Slime and Pine,2,4
4115,780,Whisperplains,3,4
3141,2114,Winslow,1,4
4491,2444,The Old Grove,3,4
3399,2097,WyreCrest Outpost,2,4
2736,2247,Arnhreidr,2,4
4012,894,Wardens Storage,2,4
3617,724,The Blightshroud Herbarium,2,4
3775,289,Sap outpost,2,4
4205,1223,Husavik,2,4
2735,1086,Sol mine operation site,2,4
3661,2351,Hermit Island,3,4
3314,638,TEKKADAN,3,4
3188,2423,Gatita,3,4
3848,1211,Gwynne,3,4
2873,1211,Klips Hold,4,4
2887,1494,Helms Deep,2,4
4846,2368,The Witch of the Waste,2,4
4104,2030,Jotunheimr,4,4
4639,2023,Mossrock T5,5,4
3241,1348,Claimed area,2,4
3484,1465,Diddys Mansion,2,4
3863,2212,Travellers Rest,3,4
3455,1480,Lemuria,2,4
3506,1159,BootCamp,2,4
3559,1545,Anemone,3,4
3612,1390,Kagari,2,4
4305,701,Piggys Place,2,4
2805,905,Mineral County,2,4
3624,2101,Refugio BR,3,4
4206,188,Hellwood,2,4
3383,1385,Crossroads Of Yggdrasil,2,4
2984,884,Mountain village,3,4
3582,543,Hopes End,3,4
3030,1177,Chateau Bastud,2,4
3249,847,Claimed area,2,4
3307,2318,ProtoCore,2,4
4375,814,Shrine of the Eternal Grind,4,4
2802,1275,The Fishelin Star,2,4
3301,1709,Silverstream,3,4
3740,2186,Little Vienna,2,4
3464,1154,Tencen,3,4
4220,2074,Cosmo Canyon,2,4
3437,1563,The Infinite Forest,3,4
3544,2248,Hideaway,2,4
3419,1835,New Amsterdam,3,4
3386,1739,Moss Lake,3,4
2798,583,Port ClunkyCo,2,4
3495,1439,Sushi Village,3,4
3625,848,Roman Outpost,2,4
3933,138,Hermits Edge,3,4
2997,1214,Claimed area,2,4
4480,1620,NoBid T4,4,4
3838,1677,Rebel Base,3,4
3037,310,Claimed area,2,4
3907,1690,Satchel of Richards,1,4
3473,1847,Gray Parse,3,4
2891,2010,Ravenhold,1,4
4261,1182,Durandal,2,4
4419,303,Neu Auenwacht,2,4
3693,851,ARGUSPLANDIA,3,4
2998,1074,Utopia,3,4
3574,1457,Vinland,2,4
4374,930,Applewood,4,4
3865,596,Wootopia,3,4
3696,1896,New Honk Village,2,4
3317,1743,Riverdale,2,4
4534,269,Goydhelm,4,4
3767,1642,NOWHERE,3,4
4658,1159,Claimed area,2,4
3268,1448,Cat,2,4
4832,2038,Whaddayaat,3,4
3420,1081,Gildentide,3,4
4328,1111,Cult of Bean,3,4
3056,885,Pootopia,4,4
4144,1546,Darkthorn,3,4
3083,1420,Port Eliza,3,4
4412,1118,17thMoon,2,4
3132,1674,The Respite,3,4
2862,2115,Ixtal,2,4
3062,2024,Spire City,3,4
4565,1200,Claimed area,3,4
3504,424,Myrvik,3,4
3847,1993,Moonshore,2,4
3162,983,Beta Jakyl Area,4,4
2763,2053,Galactic Republic,1,4
2879,445,Strugglers Rest,4,4
2973,1482,Granny Falls,2,4
4149,1027,KYOTO,3,4
3025,763,Pallet Town,3,4
4138,1171,Lustra,2,4
4192,655,The Forgotten Domain,3,4
3808,873,Port Town,3,4
3784,1267,BeckLand The River land,2,4
4444,1434,Vampires,3,4
3818,1595,Claimed area,3,4
3441,1453,Breakwater,2,4
3928,1606,Grindopolis,3,4
3304,1135,Hvall,3,4
4080,1112,Claimed area,2,4
3515,1560,Japanese Player Village,2,4
3506,1085,Salt Port,3,4
4234,543,RheinHeart Trading Co,3,4
3674,712,Parliament of Owls,4,4
4115,268,Bear Castle,2,4
4328,1647,Twin Peaks,4,4
3940,1512,Claimed area,2,4
3648,1391,Goblins Hidey Hole,2,4
4441,215,Sparks Village,3,4
4977,1537,Finisterra,3,4
4100,1563,Idle Bay,4,4
3953,1661,Hermits Palace,2,4
3265,1147,ZYN CITY,5,4
3358,1090,OuterHeaven,4,4
4566,1613,Shrimpville,2,4
4077,1079,ShadowGarden,2,4
4404,386,Grenneg Watch,3,4
3896,1874,Spintopia,3,4
4231,702,Port Apollo,5,4
4281,1508,Tidehaven,4,4
4209,983,Duskharbor,3,4
3808,810,Rimuru City,4,4
3739,2019,Pen Island,2,4
3525,305,Vastara,3,4
3947,1109,Salt Topia,2,4
3612,1043,BellFlowerCity,2,4
4132,1685,Singularity,3,4
3700,1189,Rome,5,4
4381,1093,Port Mikhenick,4,4
4741,1676,Port of Talkarn,3,4
3282,2252,Eternal City Mac Anu,4,4
3194,1031,Goopings Warehouse,3,4
3294,1191,11,3,4
3752,1829,Midwater T4,4,4
4310,665,Demeter,4,4
3286,1911,Paisen Settlement,4,4
3239,1635,Stormreach,5,4
4217,1339,Wubwater Wharf,5,4
4849,1291,Whelp Cliffs,4,4
4735,1175,Birds of a Feather,5,4
4631,1468,World Elite Cove,3,4
3865,2035,Jita IV,5,4
4841,1627,Lazy Town T5,5,4
3578,1851,Hex City T5,5,4
3244,1396,Talport,5,4
3974,908,Arborhelm,6,4
1855,6372,Large Pyralith Meowcave,2,3
825,6744,The Splintered Hand,3,3
1415,6597,Laurion,2,3
118,6567,Fort of the Forbidden Cheese,2,3
1778,6082,Fort Furricide,1,3
2097,5802,Serenity Valley,2,3
1578,5649,Lily Pine Falls,2,3
801,5506,Lemonade Stand,2,3
373,5950,Celestial Cove,2,3
569,5544,Astora Bastion Of Sunlight,2,3
1569,5973,Port Khazard,2,3
1162,5826,Camp Drizzly,2,3
1318,6452,Eavesdown,2,3
1336,6418,Lesbos,2,3
386,6300,The Hidden Beer,2,3
2234,6598,Embrace Hollow,1,3
744,6951,PyramidOfTheSun dot Love,2,3
999,5884,Lakeland,2,3
1412,5928,Corinth,2,3
212,5648,Port Grog,2,3
146,5556,Langenfirth,2,3
1357,6585,Rohan,2,3
1563,5197,ALPORTS,2,3
1551,5352,Canafis,2,3
2268,5922,Mystoria,3,3
841,6337,Lux,2,3
2196,5932,Tun Tavern,3,3
740,5838,The Silk Road,2,3
610,6303,Claimed area,2,3
2079,5389,FiveStars,2,3
1420,6490,Solomia,2,3
926,5739,The Hive,2,3
846,6298,Sunnyvale,2,3
942,5854,New Wakanda,2,3
440,5766,Fox Hole,2,3
1602,5902,Perigord,2,3
966,5483,Lumbridge,3,3
722,6031,Ivalice,3,3
456,6295,Serenity,3,3
226,6169,Praetor,2,3
174,6357,Ratatoskrs Holler,3,3
1505,5727,Philomenas Crossing,2,3
1620,6060,Cracolandia,3,3
1962,6762,Lesser Whacktopia,2,3
805,5758,Locust Grove,2,3
954,5620,Claimed area,2,3
918,5823,Claimed area,2,3
559,7101,Jakyl FOB 2,2,3
300,6257,Outpost Serren,2,3
1904,7078,Jakyl FOB 1,2,3
2325,6609,Midgard,2,3
1272,5696,Mole Village,2,3
2098,7041,Swindlers Swamp,2,3
696,5679,Nazarick,4,3
1200,5335,Rogue Town,3,3
1216,7210,Damascus,3,3
358,6150,Exoville,3,3
1647,6214,Shadow Realm,2,3
779,5483,Falador,2,3
1455,5947,OnlyBits,2,3
1610,6246,Dawnshore,3,3
531,5460,CimCim Rest,2,3
773,5535,Claimed area,2,3
121,6166,Illidari,3,3
1737,6771,Shisou,2,3
735,5756,Patet Aqua Villa,2,3
741,5554,Sozinho,2,3
589,5986,Claimdom,2,3
828,6391,Claimed area,2,3
1357,6379,Ionia,2,3
1149,6227,Cargo Isle,2,3
1288,5511,Dagons Reach,3,3
1892,5705,Anvil Creek,3,3
1253,6439,Evolutions Hold,4,3
2272,6241,Fort Knox,2,3
1319,5664,Riverview,1,3
1833,6345,Daybreak,3,3
1313,5645,Goblins Den,3,3
1844,6529,Alvani Kingdom,2,3
802,6351,Dirty homeless village,3,3
1478,6015,Iron Island,2,3
1392,6197,solo selffound HC,3,3
2340,6752,Plague Garden Trading Hub,3,3
1127,5549,UKRAINE,2,3
1948,6313,honnouji,3,3
2173,6504,Comics Crafting Cat Cafe,3,3
538,6249,Ragnarock,3,3
1002,6472,FREE SPEECH ISLAND,2,3
1314,5622,Hexpedition 33,3,3
1131,5935,North Ember Isle,2,3
1204,5771,Three Rivers Point,3,3
2048,6651,Misery,3,3
1457,5567,Verdant Kin,3,3
1880,5780,Tyrrendor,2,3
1214,6318,Abyobyo,3,3
504,7488,Claimed area,2,3
591,6195,Lokis Playground,2,3
617,6659,Riverpoint,2,3
1351,5552,Siofra,3,3
2085,5612,Yzk Industrial Harbor,2,3
948,5386,Neue Hoffnung,5,3
1359,6050,Regalia,1,3
626,5837,Claimed area,2,3
1496,5412,Owl Nest Outpost,3,3
563,6153,Paradise,3,3
866,6129,The Den,3,3
522,6389,Biringan,3,3
1501,6331,Rhodes,3,3
894,6100,Nocturalthorpe,2,3
1743,6326,Scythia,2,3
453,5966,Jotunheim,2,3
1112,5840,The Great Tree Village,3,3
1565,6118,Tavernia,3,3
790,6645,Claimed area,2,3
409,6062,Fort Surturia,2,3
1135,5884,Sibyl System,3,3
561,6069,Claimed area,2,3
623,6458,Jennopolis,3,3
797,5646,OSOVA,3,3
1547,5784,GUARROMAN,3,3
1195,6113,Make BitCraft Great Again,2,3
1547,5851,Buris rest,2,3
712,6726,Stonefang,2,3
1087,7000,Port Sandfall,3,3
650,6062,Testing Ground,2,3
2019,5461,Golden Valley,2,3
1166,6043,Waylanders Refuge,3,3
843,6214,Apex,3,3
1605,6213,Nine Sea,2,3
1016,6372,Fischstaebchen Felsen,2,3
2337,6145,Seafront,4,3
2030,6154,Kini Mah Ren,2,3
1737,5726,Flotsam,3,3
892,6401,The Merchants Guild,3,3
1283,6941,Nephilim Autocracy,3,3
656,5999,Emain Macha,2,3
2083,6027,Loreign,3,3
1372,5933,Duo Craft,4,3
893,5682,PUMPKIN VILLAGE,2,3
845,6980,Catnip,3,3
1298,5284,Broken Arrow,4,3
442,6120,Lone Wolf,2,3
1710,5425,Fort Amalor,4,3
717,7002,Port Everfall,2,3
1662,7047,Greed Island,4,3
936,6842,Eve Enclave,2,3
583,6583,The Kitchen Table,4,3
1758,5977,Apricot Garden,4,3
2298,6001,Loguetown,4,3
2040,7087,Aurobor,2,3
882,6224,SHIZUOKA,3,3
1197,6383,Wayrest,3,3
1375,7510,Claimed area,2,3
1054,6226,Nineplustenoplis,1,3
1340,6353,Ithaca,4,3
2416,5532,Fishermans Rock,3,3
700,6283,Samurai City,2,3
517,5963,Kobold Landing,3,3
1458,5348,Port Hyde,4,3
1472,6084,Isle of Paradise,2,3
184,6220,Salt Watch Island,2,3
1394,5528,Terre de la Sainte Pomme,2,3
1497,6349,Claimed area,2,3
756,5634,Ghuul Haus,4,3
1416,5448,Nesting Heights,3,3
1714,5502,MITE MOD,3,3
1511,5541,Grand Rapids,3,3
1626,6323,Siren Cove,3,3
501,6598,Marunouchi,3,3
82,5606,Puppetville,3,3
134,6128,Magh Maell,3,3
309,6145,ArkTown,2,3
1509,5659,Memento Mori,3,3
312,5596,BeitzLand,4,3
1203,5424,Wits End,4,3
776,6518,Vegan Peoples Republic,3,3
1451,5192,Goriland,3,3
1227,6496,The Solisium,4,3
2166,5567,KOTONOE,4,3
860,6050,Blightleaf,2,3
1524,5611,takenoko,3,3
819,5473,BlackStone,2,3
688,5902,Mourning Wood,4,3
1657,6246,Emberfin,3,3
1529,5193,Senntisten,3,3
1385,6447,The Trade Hub,3,3
1463,5303,Piltover,2,3
625,6731,Viperland,3,3
920,6359,Stagger Falls,4,3
1053,5368,Reelim Inn,4,3
1811,5337,Jorqburg,4,3
534,5742,The Amber Court,4,3
539,5891,Barbelo,4,3
1368,5243,Bajini Point,4,3
755,6749,BrassWood,4,3
1465,6202,Claimed area,1,3
1020,6172,Daggertooth Outpost,4,3
1611,5956,Liberio,5,3
899,5564,BeerHold,5,3
1069,5922,The Ember Isle T4,4,3
1250,5941,Port Jakyl,5,3
491,6203,Drasilia,5,3
1627,6156,Ludenia,6,3
1670,3214,Dawn Pye 1tp,1,2
977,3277,Claimed area,1,2
2295,4246,Lunar Demon Outpost,2,2
1490,3589,Freemasonry,2,2
1712,3473,Phoenix,2,2
1858,3855,Green Java,2,2
1835,3559,Tyt Baba Yaga,2,2
2080,3770,Wubmora Syndicate,2,2
1684,3441,Dawn Storage,2,2
1926,3586,The Factory,2,2
1852,4057,Bellum Contra Olivas,2,2
2066,3542,Twilight Grove,2,2
1747,4748,FLCL,2,2
2258,4794,INTEL GOOD,1,2
1649,3489,Dawn Ferro Cave,2,2
1945,2898,Kakurega,2,2
1897,3715,Lusitania,2,2
2331,4041,BloodHaven,2,2
1320,3495,Smith works T1,2,2
1454,3573,Maple Tree,2,2
1740,4530,Sirwood,3,2
1602,4159,Claimed area,2,2
147,4837,The Shrine,2,2
1306,3390,Grey Bridge,2,2
2310,4593,The Seventh Mountain,1,2
1926,4785,Cercle Infernal,2,2
1239,3289,Dawn Temple 2 PitStop,2,2
1144,3863,Ravenholm,2,2
556,3418,Masonic Lodge,1,2
1723,4707,Dawn Scary Forest,2,2
407,3092,Dawn Helios t3 Temple,1,2
1377,4783,Claimed area,2,2
1322,3560,Cerulean City,2,2
688,4635,Cascading Falls,2,2
2192,3503,Palombara,2,2
2043,3812,Boner Bayou,3,2
1940,4865,Fight Club,2,2
2404,3080,Port Commerce,2,2
831,4045,Wubs Wharf,2,2
1307,4569,Hydros End,2,2
574,3286,Dawncrack,2,2
1346,3765,Dragon Nest,2,2
1896,4281,Fort Mantis,2,2
984,3027,Swamp Preservation,2,2
1636,3199,Skibiddidy,2,2
1588,3256,Crimson Town,2,2
2018,2761,Witchy Sanctum,2,2
1005,4675,The Whomping Willow,2,2
1979,3923,Mango Creek,2,2
2069,3048,Ganjashire,2,2
738,3046,Dawn Desert,2,2
801,4088,Boa Noite,2,2
1678,3395,Dawnbreak Gates,2,2
996,4089,Deezville,2,2
1469,3527,Rowanwood,2,2
1002,3138,Cascading Dusk,2,2
562,3500,Dust Cradle,2,2
1770,3450,KIBBUZ SHALOM,2,2
2074,4512,Road to New August,2,2
2276,3049,Spirit Isle,2,2
1879,4973,North Ravenwood,2,2
1430,3979,Halfmoon Outpost,3,2
1345,3536,Rivers Bend,3,2
642,4246,Foresters Doom,2,2
1587,3469,Lunares,2,2
1702,3417,Idlewood,2,2
2052,2902,Spanakos,3,2
941,4258,Dingo Flats,3,2
2385,4179,Whispering Pines,2,2
1492,4201,Going on a Adventure,2,2
1363,4203,Frometon sur lac,3,2
1178,4432,Kholinar,2,2
2063,4286,The Villas,2,2
1662,3938,Claimed area,1,2
1425,4538,Rivers Song,2,2
2041,3345,Camp Bedelia,3,2
365,3745,Dawn you wanna wanna,2,2
1737,2785,Taverns End,2,2
646,3509,Claimed area,2,2
1480,3683,MoochMere Marsh,2,2
1131,3506,Driftshore,2,2
1392,4259,Small Villa,1,2
1787,2724,Iron Island,2,2
645,4556,Claimed area,2,2
1902,4844,Kilika,3,2
2184,3286,Fishing Bay,2,2
1653,3598,Lakefront,2,2
1128,4024,SOLO,2,2
1815,4000,Claimed area,2,2
1375,3902,Jones Big Bank and Food Mart,2,2
1697,2824,Catnip City,3,2
1938,3971,VinLand,2,2
1597,3295,Ember Isle Waystation,4,2
2093,3505,Claimed area,2,2
1953,3435,Canoeland,3,2
2048,3943,Atzgersdorf,2,2
1211,3048,Holistic Mining Settlement,4,2
1430,4476,Akhaten,2,2
1712,2903,Willowisp,2,2
2339,4008,Siren,2,2
1640,3781,Claimed area,2,2
1763,5048,Smellz Like Green HUB,2,2
2074,3293,Ambergrove,2,2
1614,3930,LifeLand,2,2
2203,4195,Pantyshire,2,2
1252,3783,Claimed area,2,2
1902,4627,New Anatolia,3,2
1883,2765,Claimed area,2,2
2011,4517,Blue Dawn,2,2
873,4092,Recluse,3,2
912,3883,Dragonstone,2,2
1552,3469,Exile Falls,4,2
1996,3603,Shack,2,2
1689,3846,BluntBerry Creek,3,2
1723,2996,Alternia,2,2
1055,4194,Timber Hearth,2,2
960,4439,Port Avon,3,2
1160,4140,HiddenScrubVillage,3,2
1071,4437,Tailors Refuge,3,2
2025,3371,Port Seacrest,3,2
1901,2825,Reino Doce,2,2
1786,3173,Fiddlers Reacharound,3,2
1517,3099,Isla Roja,3,2
1809,3405,Trentonia,3,2
2275,3667,Eventide,3,2
1237,3442,Aspenvale,2,2
942,3914,Kame House,2,2
1929,4410,Sams Port Cove,3,2
1098,4837,Stormwind,2,2
2086,3418,Sinraia,3,2
1968,4637,Craterhold,4,2
1121,2703,Paradis Island,3,2
1740,3305,Green Dawn,3,2
1738,2975,Traders Bay,2,2
2073,4554,New August,3,2
1514,4469,Lee Dynasty,3,2
2154,3453,Padres Rest,4,2
2014,4321,Gloomhaven,3,2
1989,3460,Kier,2,2
1678,2764,Kindred,2,2
1265,3841,Eldergrove,3,2
1682,4507,Kahera,3,2
1468,3999,Mannah Hamlet,2,2
1746,3967,Kale Village,2,2
1986,4019,Claimed Baguette,2,2
1557,4401,The Silent Grove,2,2
2420,4717,Aureole,2,2
1175,3602,nl town,3,2
1667,4435,ThugMansion,2,2
1466,4318,Sesame Street,3,2
1728,3804,Frontier Land,2,2
1769,3041,abi station,2,2
1796,3914,House of Mars,2,2
2106,4932,Nivverians Reach,4,2
1589,4258,Nut A Watchtower,3,2
1175,4552,Vape Nation,2,2
1027,3912,Dont Cry Leavers,3,2
1421,3614,Serenity Farm,2,2
2415,4117,Boulets Hamlet with Waystone,2,2
1124,3319,Castellum Discordia,1,2
2132,3843,Driftwoods Rest,3,2
1854,3441,Cordis Storage,2,2
2039,4518,Waters Edge,2,2
1324,4203,Solus,2,2
1284,3461,greens wood,3,2
973,2980,DuskFall t5,5,2
2441,3695,LE CHENIL,3,2
1302,4886,BorknHeck,2,2
2193,4543,Altus,2,2
497,3984,Wish Haven,2,2
1171,4858,Cornelia,2,2
2125,3703,New Hope,2,2
876,3898,Feline Grove,3,2
1100,4623,Ottersbruck,3,2
1330,4277,The Alleyway,3,2
2125,3888,Carte,3,2
1676,4955,Ravenhold,3,2
1683,4166,Lakeview,3,2
1107,3554,Soggybottom,4,2
572,4522,Xibalba,3,2
1569,3706,Bramble,4,2
629,4287,Port Oasis,3,2
1296,4414,Skaro,3,2
871,4260,Fish Boys,3,2
1397,4971,Port Revelry,4,2
2201,3875,Forest Frontiers,4,2
1403,3906,Legitimate Trading Post,4,2
932,3005,Ravens Reverie,3,2
1981,4248,Rozbrykany Krzak,3,2
1929,3266,Skunkia,4,2
948,4020,Thumblebug,3,2
2037,4163,Stonerville,2,2
2300,4190,Crystal Forge,3,2
1778,3347,Cerulean Cape,2,2
1498,3119,Happy Slow,2,2
1289,4523,Starlit Lake,2,2
2010,3415,Pandaria,5,2
1554,3914,Claimed area,3,2
1269,4222,JeCpas,2,2
1297,4700,Velmara,3,2
1056,2701,Viltrum,1,2
1502,4703,Terminus,3,2
1377,3486,Swallow Cliff,3,2
1488,4786,Claimed area,2,2
2102,3219,The Storm Age,3,2
1560,4519,Torchwood Trails,2,2
1757,3416,Drachenbucht,4,2
848,3934,Selbina,2,2
910,3183,Witchy Mire,3,2
1287,3564,Jadevale,4,2
1010,4042,ScarletCo Trading,3,2
984,4229,Seabrook,4,2
1199,3847,Hogsmeade,4,2
1571,3558,Yrdenheim,2,2
997,3940,Palmacosta,5,2
1663,3122,Golden Jakyl Trade Co,4,2
1800,2953,Fox Cove,4,2
1080,3885,Wholesome Gamertown,4,2
1322,3663,Starfell,5,2
1805,4077,Behoove,4,2
1287,3732,Cascading Dawn,5,2
1741,4626,Urk,3,2
2116,3630,Haven,4,2
819,4174,Wise Mens Retreat,3,2
1487,4454,Bad Wolf Bay,5,2
1242,3805,Holistic Farming Settlement,3,2
1429,4234,Jasmine Dragon T4 Wood,4,2
880,4451,Fortunes Favour,5,2
2205,3158,Hempshire,4,2
1650,3423,Dawnbreak,4,2
2188,3791,Valeria,5,2
1220,3498,Antymeta,5,2
1887,3447,UMB Cordis,5,2
1191,4109,UMB Calmalu,6,2
941,602,New Fort Worth,2,1
871,1057,Claimed area,1,1
1427,1907,what is the height limit,2,1
1556,1556,Vetala Isle,2,1
1596,257,Mistveil Woods,2,1
1156,244,Crows nest,2,1
610,450,Jungle Depths,2,1
1715,2329,Rongan,2,1
1192,1239,Claimed area,2,1
2012,2031,Haven,3,1
2042,1478,Dragons Keep,2,1
1909,2138,Nine Isles Farm,2,1
1723,1490,Claimed area,2,1
1232,832,Waters Edge Fish Camp,2,1
1381,834,Bearsmouth,2,1
1498,1518,Beer Shack,2,1
1808,1399,Aldurukh,2,1
1685,1399,Hills Of Rohan,2,1
1417,380,Gooseville,2,1
1468,2070,Riverside,2,1
372,1040,Thistlestone,2,1
1851,1683,SavePoint,2,1
1379,439,OnlyFarms,2,1
912,1495,The New Homestead,2,1
1409,1297,Principal Av,1,1
2194,482,Malhavoc,2,1
1187,571,Free City of Riga T1T2,2,1
1233,1632,Solo Swet Shop,2,1
1810,121,Claimed area,2,1
2304,1920,Claimed area,2,1
867,809,PawPetsKatzenbande,3,1
601,1595,Travellers Rest,2,1
907,1621,Blueberry Forest Hills,2,1
1431,2421,Silverwind Grove,2,1
2006,2065,The LATAM Imperivm,2,1
1392,2097,Ratsburg,2,1
829,1030,Just Craft,2,1
1051,1038,Temp,2,1
677,1479,Fogreach Depot,2,1
1503,2378,Solaire,2,1
1583,1329,Craftlantia,2,1
999,861,Oxgulch,2,1
1119,298,Stop And Rest,2,1
915,1030,Claimed area,2,1
1239,197,Fox Den,2,1
989,426,Farfetch,2,1
770,963,Moonrise Fields,2,1
1106,582,Hunting camp,2,1
1492,1835,Tavernport,2,1
2303,1196,The Deck,2,1
1549,1707,Tartarus,3,1
1294,2194,Synapse,2,1
1367,2020,Oak Meadow,2,1
2011,1353,Ravenshore,2,1
1491,1753,Cheries Hovel,3,1
1678,1591,Claimed area,2,1
2360,2160,The Last Lantern,3,1
1715,1302,Isle of Gaia,2,1
1322,1925,Nights Breeze,4,1
1282,810,NEKO MURA,3,1
1951,1809,USSR,2,1
1309,2449,Bellport,2,1
1657,1465,Claimed area,2,1
749,1061,Last Hope,2,1
985,2237,Area 51,2,1
1434,255,Campbelt,2,1
1331,148,Fae Root Riverbend,2,1
1746,1667,Hooked and Tankard,3,1
637,1561,Mystic Marsh,2,1
1401,1330,Dante,2,1
1159,958,Claimed area,1,1
815,1171,Claimed area,2,1
1946,1401,BANKARA,3,1
1108,1725,Kitsunebashi,4,1
1004,652,Lust,2,1
1002,548,Aetherra,4,1
1004,491,McStead,2,1
1606,1868,The Hermitage,3,1
2066,1987,Gurkensaft,2,1
1396,1889,Sovereign State of the BottleO,3,1
979,1745,Hermits Landing,2,1
1524,1351,Asthenia,2,1
2084,1949,Aryvandaar,2,1
1154,2086,UMB Desert Gateway,3,1
1545,1849,Mariners Respite,2,1
2255,2074,Port Aquatine,2,1
659,1907,Last Oasis,2,1
206,1646,MONEY,1,1
1456,1682,Redwood Harbor,3,1
1393,1490,CAT ISLAND,3,1
1140,1647,Claimed area,2,1
905,588,Mewfoundland,3,1
969,1409,Oreheart,3,1
1304,2401,South Ward,3,1
1482,1400,DCOPN CLAN,1,1
1892,1180,Aryndur,2,1
1353,2399,Westport,3,1
1395,1722,Moonshine Hollow,2,1
1185,2195,jgs,2,1
1369,2070,Die Taverne,2,1
864,610,HippieHausen,1,1
1543,1796,Band of the Hawk,3,1
1382,168,Realms End Capital,3,1
771,1155,Zealotia,3,1
1084,393,Timberfall,3,1
1068,1604,Kelconnington,2,1
1728,615,Hammer,3,1
1132,2037,Chaosium,2,1
1213,1276,Rogue Encampment,2,1
740,1717,LAG DETECTED,4,1
801,1058,Asgarnian Keep,2,1
1506,1709,SeaForge,3,1
1723,2063,Ruinae Sinopes,3,1
1038,827,Schrodingers cats,3,1
958,637,Smugglers Den,2,1
1076,1016,Plugawice,2,1
1687,2004,Ostia,3,1
643,1480,Fogreach,3,1
2174,2030,Saltspire,2,1
1346,1821,Dildozer Bay,2,1
921,915,Bear Kingdom,2,1
978,719,NEVERWINTER,2,1
1474,754,Claimed area,3,1
1598,2241,Claimed area,2,1
1170,1720,Rome,3,1
1665,1917,Dethold,3,1
1666,1140,Slayers Rock,3,1
1054,584,Limbo,2,1
1201,1655,Akabiou,3,1
884,1579,Silverwaters Tavern,3,1
815,882,Jakyl Island,2,1
1210,1885,The Den,3,1
1125,376,Goodenuff,3,1
863,1230,Claimed area,2,1
1176,2031,DawnRoot,2,1
894,1873,Smiths Retreat,4,1
1005,942,Ferocious Felines with Fedoras,3,1
1258,1929,Claimed area,1,1
2029,526,Niflheim,4,1
1655,2171,Nine Isles Outpost,3,1
1300,2058,NerdTropolis,3,1
1882,2109,Tidefall T4,4,1
980,1800,The Goobers,3,1
1903,1933,Vila da erva,2,1
828,1216,Fishing Hole,3,1
863,866,Skystead Retreat,1,1
961,834,COPENHAGEN,2,1
946,1295,House of Gwen,2,1
2034,1876,Wardens Outpost R1T1,1,1
968,761,Bushmans Rest,3,1
1380,1523,Darkbrew,3,1
852,1190,Thalorien,3,1
1583,1453,NdK,3,1
1889,2192,Ironshore,3,1
1766,2203,Bean Island,2,1
1093,1982,Good Jobberz,2,1
1857,2070,Unta,3,1
1174,1073,Ironforge,3,1
325,1309,Goon Town,5,1
1576,1969,KONOHA,3,1
1634,1341,Novgorod,3,1
1408,2219,Floatriver Inn,2,1
1415,860,Beech Wood,2,1
833,1902,Mount Olympus,1,1
1031,985,Fox Den,3,1
1176,1824,Port Vesperia,4,1
720,650,Desolate,5,1
574,1503,Port Pipis,2,1
1809,2337,Berk,4,1
1421,1946,Here Be Monsters,2,1
2165,1402,Lua do Meio Dia,2,1
894,1649,Shock Stick Falls,3,1
1254,1730,Rollikyla,4,1
1465,230,Flickopia,3,1
2296,1378,Terminus,3,1
867,1444,Wizard Wall,4,1
1114,1011,The Bunny Bastion,2,1
948,983,Grand Dukedom of Thornes,3,1
1335,994,Riverside,4,1
904,1158,Cute Fluffy Kittens,3,1
605,1054,Fraggle Rock,3,1
1147,855,Decarabia,3,1
720,1005,Port Angelz,4,1
1242,2049,LMNOP,4,1
1348,1169,Evergreen,3,1
781,1092,Bebbanburg,3,1
2491,1681,Port Caovia,4,1
835,1276,Shangri La,4,1
2092,2222,Agru Po PeePo,2,1
943,1832,Rocky Road of Caramelia,2,1
1807,1846,Crystarium,4,1
1459,598,Anvil,4,1
1190,1056,Bloomburrow,3,1
1634,1161,Elrind,4,1
1497,930,Tavernlight,3,1
1005,1723,Vasaborg,3,1
1738,1980,Luna,3,1
1767,1356,Tidegrove,5,1
1087,328,Hex and Highwater Port,5,1
1453,1580,Tavernhearth,5,1
2035,1439,Caelum Noctis,5,1
980,631,Pandaemonium,5,1
2008,1287,Ardvale,5,1
1329,2420,Floathaven,6,1
1431,1841,Caramelia,5,1